Area,Parent Task,Task,Dataset,Best method name,Primary metric,Primary metric - is higher better?,Metric first reported value,Metric SOTA value in 2013,Metric SOTA value in 2014,Metric SOTA value in 2015,Metric SOTA value in 2016,Metric SOTA value in 2017,Metric SOTA value in 2018,Metric SOTA value in 2019,Papers all time,Papers in 2013,Papers in 2014,Papers in 2015,Papers in 2016,Papers in 2017,Papers in 2018,Papers in 2019,Papers with code all time,Papers with code in 2013,Papers with code in 2014,Papers with code in 2015,Papers with code in 2016,Papers with code in 2017,Papers with code in 2018,Papers with code in 2019
Computer Vision,Semantic Segmentation,Semantic Segmentation,PASCAL VOC 2012,DeepLabv3+ (Xception-JFT),Mean IoU,TRUE,69.80%,,,69.80%,85.40%,86.90%,89.00%,89.00%,19,0,0,2,7,6,4,0,19,0,0,2,7,6,4,0
Computer Vision,Semantic Segmentation,Semantic Segmentation,Cityscapes,DeepLabv3+ (Xception-JFT),Mean IoU,TRUE,63.10%,,63.10%,67.10%,81.20%,82.00%,82.10%,82.10%,18,0,1,3,5,2,6,1,18,0,1,3,5,2,6,1
Computer Vision,Semantic Segmentation,Semantic Segmentation,PASCAL Context,Joint Pyramid Upsampling + EncNet,mIoU,TRUE,37.8,,37.8,43.3,47.3,47.3,51.7,53.1,12,0,1,5,3,0,1,2,8,0,1,2,2,0,1,2
Computer Vision,Semantic Segmentation,Semantic Segmentation,ADE20K,PSPNet,Validation mIoU,TRUE,29.39,,29.39,32.31,44.94,44.94,44.94,44.94,7,0,1,2,2,0,1,1,7,0,1,2,2,0,1,1
Computer Vision,Semantic Segmentation,Semantic Segmentation,CamVid,PSPNet,Mean IoU,TRUE,61.60%,,61.60%,65.30%,69.10%,69.10%,69.10%,69.10%,7,0,1,3,2,0,1,0,7,0,1,3,2,0,1,0
Computer Vision,Semantic Segmentation,Semantic Segmentation,ShapeNet,SGPN,Mean IoU,TRUE,84.60%,,,,,85.80%,85.80%,85.80%,2,0,0,0,0,2,0,0,2,0,0,0,0,2,0,0
Computer Vision,Semantic Segmentation,Semantic Segmentation,NYU Depth v2,Dilated FCN-2s RGB,Mean IoU,TRUE,32.30%,,,,,32.30%,32.30%,32.30%,1,0,0,0,0,1,0,0,1,0,0,0,0,1,0,0
Computer Vision,Image Classification,Image Classification,CIFAR-10,GPIPE + transfer learning,Percentage correct,TRUE,88.8,91.2,96.5,96.5,96.69,97.88,99,99,57,4,10,17,8,7,5,1,40,3,7,9,7,6,5,1
Computer Vision,Image Classification,Image Classification,MNIST,RMDL,Percentage error,FALSE,0.2,0.2,0.2,0.2,0.2,0.2,0.18,0.18,27,2,7,12,2,1,1,1,13,2,4,4,1,0,1,0
Computer Vision,Image Classification,Image Classification,CIFAR-100,GPIPE,Percentage correct,TRUE,57.5,64.3,75.7,75.7,82.62,84.59,91.3,91.3,39,5,7,12,6,6,3,0,28,3,6,7,5,4,3,0
Computer Vision,Image Classification,Image Classification,ImageNet,GPIPE,Top 1 Accuracy,TRUE,69.80%,,69.80%,78.80%,81.30%,82.70%,84.30%,84.30%,19,0,1,2,4,6,3,3,19,0,1,2,4,6,3,3
Computer Vision,Image Classification,Image Classification,SVHN,WRN + fixup init + mixup + cutout,Percentage error,FALSE,2.8,2.16,1.92,1.69,1.59,1.54,1.54,1.4,21,4,1,7,4,4,0,1,15,4,1,2,4,3,0,1
Computer Vision,Image Classification,Image Classification,STL-10,IIC,Percentage correct,TRUE,70.1,70.1,72.8,74.33,77.79,87.26,87.26,88.8,12,1,6,2,1,1,0,1,5,0,1,1,1,1,0,1
Computer Vision,Image Classification,Image Classification,MSRC-21 (per-class),Large FC CRF,Percentage correct,TRUE,,,,,,,,,0,0,0,0,0,0,0,0,0,0,0,0,0,0,0,0
Computer Vision,Image Classification,Image Classification,MSRC-21 (per-pixel),HCRF+CO,Percentage correct,TRUE,,,,,,,,,0,0,0,0,0,0,0,0,0,0,0,0,0,0,0,0
Computer Vision,Image Classification,Image Classification,Fashion-MNIST,Random Erasing,Percentage error,FALSE,3.65,,,,,3.65,3.65,3.65,1,0,0,0,0,1,0,0,1,0,0,0,0,1,0,0
Computer Vision,Image Classification,Image Classification,iNaturalist,IncResNetV2 SE,Top 1 Accuracy,TRUE,67.30%,,,,,67.30%,67.30%,67.30%,1,0,0,0,0,1,0,0,1,0,0,0,0,1,0,0
Computer Vision,Image Classification,Image Classification,MultiMNIST,CapsNet,Percentage error,FALSE,5.2,,,,,5.2,5.2,5.2,1,0,0,0,0,1,0,0,1,0,0,0,0,1,0,0
Computer Vision,Object Detection,Object Detection,COCO,SNIPER,Bounding Box AP,TRUE,34.9,,,34.9,36.8,45.7,47.6,47.6,26,0,0,1,5,8,8,4,25,0,0,1,5,8,8,3
Computer Vision,Object Detection,Object Detection,PASCAL VOC 2007,SNIPER,MAP,TRUE,82.44%,,82.44%,82.44%,82.44%,83.80%,86.90%,86.90%,17,0,1,4,4,6,2,0,17,0,1,4,4,6,2,0
Computer Vision,Object Detection,Object Detection,ImageNet Detection,Inception V1,MAP,TRUE,24.30%,24.30%,43.90%,43.90%,43.90%,43.90%,43.90%,43.90%,2,1,1,0,0,0,0,0,2,1,1,0,0,0,0,0
Computer Vision,Image Generation,Image Generation,CIFAR-10,PGGAN,Inception score,TRUE,5.34,,,,6.86,8.8,8.8,8.8,30,0,3,2,8,8,7,2,25,0,1,1,8,7,6,2
Computer Vision,Image Generation,Image Generation,LSUN Bedroom 256 x 256,COCO-GAN,FID,FALSE,9.5,,,,,8.34,8.34,6.95,6,0,0,0,0,3,1,2,6,0,0,0,0,3,1,2
Computer Vision,Image Generation,Image Generation,CelebA-HQ 1024x1024,StyleGAN,FID,FALSE,7.3,,,,,7.3,5.06,5.06,3,0,0,0,0,1,1,1,3,0,0,0,0,1,1,1
Computer Vision,Image Generation,Image Generation,CAT 256x256,RaSGAN,FID,FALSE,155.46,,,,,155.46,32.11,32.11,2,0,0,0,0,1,1,0,2,0,0,0,0,1,1,0
Computer Vision,Image Generation,Image Generation,FFHQ,StyleGAN,FID,FALSE,8.04,,,,,8.04,4.4,4.4,2,0,0,0,0,1,1,0,2,0,0,0,0,1,1,0
Computer Vision,Pose Estimation,Pose Estimation,MPII Human Pose,HRNet-32,PCKh-0.5,TRUE,82.40%,,,82.40%,90.90%,92.00%,92.00%,92.30%,12,0,0,1,3,4,2,2,11,0,0,1,3,4,2,1
Computer Vision,Pose Estimation,Pose Estimation,Leeds Sports Poses,Pyramid Residual Modules (PRMs),PCK,TRUE,90.50%,,,,90.50%,93.90%,93.90%,93.90%,6,0,0,0,2,4,0,0,6,0,0,0,2,4,0,0
Computer Vision,Pose Estimation,Pose Estimation,FLIC Elbows,Stacked Hourglass Networks,PCK@0.2,TRUE,97.59%,,,,99.00%,99.00%,99.00%,99.00%,2,0,0,0,2,0,0,0,2,0,0,0,2,0,0,0
Computer Vision,Pose Estimation,Pose Estimation,FLIC Wrists,Stacked Hourglass Networks,PCK@0.2,TRUE,95.03%,,,,97.00%,97.00%,97.00%,97.00%,2,0,0,0,2,0,0,0,2,0,0,0,2,0,0,0
Computer Vision,Pose Estimation,Pose Estimation,DensePose-COCO,Parsing R-CNN + ResNext101,AP,TRUE,55.8,,,,,,61.6,61.6,2,0,0,0,0,0,2,0,2,0,0,0,0,0,2,0
Computer Vision,Pose Estimation,Pose Estimation,ITOP top-view,V2V-PoseNet,Mean mAP,TRUE,75.5,,,,75.5,83.44,83.44,83.44,2,0,0,0,1,1,0,0,2,0,0,0,1,1,0,0
Computer Vision,Pose Estimation,Pose Estimation,COCO,HRNet-48,Mean mAP,TRUE,73.7,,,,,,73.7,77,2,0,0,0,0,0,1,1,2,0,0,0,0,0,1,1
Computer Vision,Pose Estimation,Pose Estimation, ITOP front-view,V2V-PoseNet,Mean mAP,TRUE,77.4,,,,77.4,88.74,88.74,88.74,2,0,0,0,1,1,0,0,2,0,0,0,1,1,0,0
Computer Vision,Super Resolution,Super Resolution,Set5-2x,FALSR-A ,PSNR,TRUE,37.82,,,,,,,37.82,1,0,0,0,0,0,0,1,1,0,0,0,0,0,0,1
Computer Vision,Image Retrieval,Image Retrieval,Par106k,DELF+FT+ATT+DIR+QE,Accuracy,TRUE,90.50%,,,,92.80%,92.80%,92.80%,92.80%,3,0,0,0,3,0,0,0,3,0,0,0,3,0,0,0
Computer Vision,Image Retrieval,Image Retrieval,Oxf105k,DELF+FT+ATT+DIR+QE,MAP,TRUE,87.80%,,,,88.50%,88.50%,88.50%,88.50%,3,0,0,0,3,0,0,0,3,0,0,0,3,0,0,0
Computer Vision,Image Retrieval,Image Retrieval,Par6k,DELF+FT+ATT+DIR+QE,Accuracy,TRUE,93.80%,,,,95.70%,95.70%,95.70%,95.70%,3,0,0,0,3,0,0,0,3,0,0,0,3,0,0,0
Computer Vision,Image Retrieval,Image Retrieval,Oxf5k,DELF+FT+ATT+DIR+QE,MAP,TRUE,89%,,,,90.00%,90.00%,90.00%,90.00%,3,0,0,0,3,0,0,0,3,0,0,0,3,0,0,0
Computer Vision,Image Retrieval,Image Retrieval,street2shop - topwear,Ranknet,Accuracy,TRUE,94.98,,,,,,,94.98,2,0,0,0,0,0,0,2,2,0,0,0,0,0,0,2
Computer Vision,Image Retrieval,Image Retrieval,INRIA Holidays,MultiGrain R50 @ 800,Mean mAP,TRUE,92.50%,,,,,,,92.50%,1,0,0,0,0,0,0,1,1,0,0,0,0,0,0,1
Computer Vision,Image Retrieval,Image Retrieval,Stanford Cars,ABE-8-512,Recall@8,TRUE,96.1,,,,,,96.1,96.1,1,0,0,0,0,0,1,0,0,0,0,0,0,0,0,0
Computer Vision,Action Recognition,Action Recognition,UCF101,Two-Stream I3D,Accuracy,TRUE,93.4,,,,,93.4,93.4,93.4,1,0,0,0,0,1,0,0,1,0,0,0,0,1,0,0
Computer Vision,Action Recognition,Action Recognition,HMDB51,Two-Stream I3D,Accuracy,TRUE,80.9,,,,,80.9,80.9,80.9,1,0,0,0,0,1,0,0,1,0,0,0,0,1,0,0
Computer Vision,Visual Question Answering,Visual Question Answering,COCO Visual Question Answering (VQA) real images 1.0 open ended,MCB 7 att.,Percentage correct,TRUE,58.2,,,58.9,66.5,66.5,66.5,66.5,11,0,0,4,6,1,0,0,6,0,0,3,2,1,0,0
Computer Vision,Visual Question Answering,Visual Question Answering,VQA v2,"Image features from bottom-up attention, adaptive K, ensemble",Accuracy,TRUE,62.27%,,,,62.27%,70.34%,70.34%,70.34%,4,0,0,0,1,2,1,0,4,0,0,0,1,2,1,0
Computer Vision,Visual Question Answering,Visual Question Answering,COCO Visual Question Answering (VQA) real images 1.0 multiple choice,MCB 7 att.,Percentage correct,TRUE,63.1,,,63.1,70.1,70.1,70.1,70.1,7,0,0,2,5,0,0,0,4,0,0,2,2,0,0,0
Computer Vision,Visual Question Answering,Visual Question Answering,COCO Visual Question Answering (VQA) real images 2.0 open ended,Up-Down,Percentage correct,TRUE,68.16,,,68.16,68.16,70.34,70.34,70.34,3,0,0,1,1,1,0,0,3,0,0,1,1,1,0,0
Computer Vision,Visual Question Answering,Visual Question Answering,COCO Visual Question Answering (VQA) abstract 1.0 multiple choice,Graph VQA,Percentage correct,TRUE,71.18,,,71.18,74.37,74.37,74.37,74.37,2,0,0,1,1,0,0,0,1,0,0,1,0,0,0,0
Computer Vision,Visual Question Answering,Visual Question Answering,COCO Visual Question Answering (VQA) abstract images 1.0 open ended,Graph VQA,Percentage correct,TRUE,69.73,,,69.73,70.42,70.42,70.42,70.42,2,0,0,1,1,0,0,0,1,0,0,1,0,0,0,0
Computer Vision,Visual Question Answering,Visual Question Answering,Visual7W,CMN,Percentage correct,TRUE,62.2,,,,72.53,72.53,72.53,72.53,2,0,0,0,2,0,0,0,2,0,0,0,2,0,0,0
Computer Vision,Visual Question Answering,Visual Question Answering,Visual Genome (subjects),CMN,Percentage correct,TRUE,44.24,,,,44.24,44.24,44.24,44.24,1,0,0,0,1,0,0,0,1,0,0,0,1,0,0,0
Computer Vision,Visual Question Answering,Visual Question Answering,Visual Genome (pairs),CMN,Percentage correct,TRUE,28.52,,,,28.52,28.52,28.52,28.52,1,0,0,0,1,0,0,0,1,0,0,0,1,0,0,0
Computer Vision,Super Resolution,Image Super-Resolution,Set5 - 4x upscaling,PFF,PSNR,TRUE,30.49,,30.49,31.52,32.23,32.46,32.74,32.74,38,0,1,3,7,9,17,1,35,0,1,1,7,9,16,1
Computer Vision,Super Resolution,Image Super-Resolution,Set14 - 4x upscaling,SRGAN + Residual-in-Residual Dense Block,PSNR,TRUE,27.5,,27.5,28.02,28.8,28.8,28.99,28.99,37,0,1,3,5,10,17,1,33,0,1,1,5,9,16,1
Computer Vision,Super Resolution,Image Super-Resolution,BSD100 - 4x upscaling,SRGAN + Residual-in-Residual Dense Block,PSNR,TRUE,26.9,,26.9,27.21,27.66,27.71,27.85,27.85,34,0,1,2,7,7,16,1,31,0,1,1,7,6,15,1
Computer Vision,Super Resolution,Image Super-Resolution,Urban100 - 4x upscaling,SRGAN + Residual-in-Residual Dense Block,PSNR,TRUE,24.52,,24.52,24.52,26.42,26.64,27.03,27.03,23,0,1,0,3,4,14,1,21,0,1,0,3,3,13,1
Computer Vision,Super Resolution,Image Super-Resolution,Manga109 - 4x upscaling,SRGAN + Residual-in-Residual Dense Block,SSIM,TRUE,0.8555,,0.8555,0.8555,0.8555,0.9148,0.9196,0.9196,8,0,1,0,0,2,4,1,8,0,1,0,0,2,4,1
Computer Vision,Optical Flow Estimation,Optical Flow Estimation,Sintel-clean,PWC-Net,Average End-Point Error,FALSE,6.64,,,,6.64,6.64,3.45,3.45,3,0,0,0,1,0,2,0,3,0,0,0,1,0,2,0
Computer Vision,Optical Flow Estimation,Optical Flow Estimation,Sintel-final,PWC-Net,Average End-Point Error,FALSE,8.36,,,,8.36,8.36,4.6,4.6,3,0,0,0,1,0,2,0,3,0,0,0,1,0,2,0
Computer Vision,Person Re-Identification,Person Re-Identification,Market-1501,Parameter-Free Spatial Attention,MAP,TRUE,22.22,,22.22,22.22,59.9,81.6,91.7,91.7,22,0,1,1,3,13,3,1,10,0,0,0,1,5,3,1
Computer Vision,Person Re-Identification,Person Re-Identification,DukeMTMC-reID,Parameter-Free Spatial Attention,MAP,TRUE,17.04,,17.04,17.04,47.4,69.2,85.9,85.9,15,0,1,1,2,8,3,0,10,0,0,0,1,6,3,0
Computer Vision,Instance Segmentation,Instance Segmentation,COCO,PANet,Average Precision,TRUE,25.00%,,,,25.00%,40.30%,42.00%,42.00%,5,0,0,0,1,2,1,1,5,0,0,0,1,2,1,1
Computer Vision,Instance Segmentation,Instance Segmentation,NYU Depth v2,SGPN-CNN,MAP,TRUE,43.5,,,,,43.5,43.5,43.5,1,0,0,0,0,1,0,0,1,0,0,0,0,1,0,0
Computer Vision,Facial Recognition and Modelling,Face Recognition,Olivetti Faces 5 Image,RMDL,Accuracy,TRUE,95,,,,,,95,95,1,0,0,0,0,0,1,0,1,0,0,0,0,0,1,0
Computer Vision,Facial Recognition and Modelling,Face Recognition,IJB-A,SE-GV-3,TAR @ FAR=0.01,TRUE,0.972,,,,,,0.972,0.972,1,0,0,0,0,0,1,0,1,0,0,0,0,0,1,0
Computer Vision,Facial Recognition and Modelling,Face Recognition,IJB-B,"GhostVLAD, SE-GV-3",TAR @ FAR=0.01,TRUE,0.963,,,,,,0.963,0.963,1,0,0,0,0,0,1,0,1,0,0,0,0,0,1,0
Computer Vision,Image Generation,Image-to-Image Translation,Cityscapes Labels-to-Photo,pix2pix,Class IOU,TRUE,0.02,,,,0.18,0.18,0.18,0.18,9,0,0,0,4,3,1,1,7,0,0,0,4,2,0,1
Computer Vision,Image Generation,Image-to-Image Translation,Cityscapes Photo-to-Labels,pix2pix,Class IOU,TRUE,0.07,,,,0.32,0.32,0.32,0.32,5,0,0,0,4,1,0,0,5,0,0,0,4,1,0,0
Computer Vision,Image Generation,Image-to-Image Translation,ADE20K-Outdoor Labels-to-Photos,SPADE,mIoU,TRUE,16.5,,,,,17.4,17.4,30.8,4,0,0,0,0,2,1,1,2,0,0,0,0,1,0,1
Computer Vision,Image Generation,Image-to-Image Translation,RaFD,StarGAN,Classification Error,FALSE,4.10%,,,,4.10%,2.12%,2.12%,2.12%,4,0,0,0,2,2,0,0,3,0,0,0,1,2,0,0
Computer Vision,Image Generation,Image-to-Image Translation,COCO-Stuff Labels-to-Photos,SPADE,mIoU,TRUE,23.7,,,,,23.7,23.7,37.4,3,0,0,0,0,2,0,1,2,0,0,0,0,1,0,1
Computer Vision,Image Generation,Image-to-Image Translation,ADE20K Labels-to-Photos,SPADE,mIoU,TRUE,22.4,,,,,22.4,22.4,38.5,3,0,0,0,0,2,0,1,2,0,0,0,0,1,0,1
Computer Vision,Image Generation,Image-to-Image Translation,Aerial-to-Map,cGAN,Class IOU,TRUE,0.26,,,,0.26,0.26,0.26,0.26,2,0,0,0,1,1,0,0,2,0,0,0,1,1,0,0
Computer Vision,Image Generation,Image-to-Image Translation,SYNTHIA-to-Cityscapes,superpixel + color constancy,mIoU,TRUE,20.2,,,,20.2,20.2,29.7,29.7,2,0,0,0,1,0,1,0,2,0,0,0,1,0,1,0
Computer Vision,Image Generation,Image-to-Image Translation,SYNTHIA Fall-to-Winter,CyCADA,mIoU,TRUE,59.6,,,,59.6,63.3,63.3,63.3,2,0,0,0,1,1,0,0,2,0,0,0,1,1,0,0
Computer Vision,Denoising,Image Denoising,BSD68 sigma50,MWCNN,PSNR,TRUE,26.23,,,,26.23,26.29,26.53,26.53,7,0,0,0,1,2,4,0,7,0,0,0,1,2,4,0
Computer Vision,Denoising,Image Denoising,BSD68 sigma25,NLRN,PSNR,TRUE,29.23,,,,29.23,29.23,29.41,29.41,6,0,0,0,1,2,3,0,6,0,0,0,1,2,3,0
Computer Vision,Denoising,Image Denoising,Urban100 sigma50,Residual Dense Network +,PSNR,TRUE,26.32,,,,26.32,26.32,29.38,29.38,6,0,0,0,2,0,4,0,6,0,0,0,2,0,4,0
Computer Vision,Denoising,Image Denoising,BSD68 sigma15,NLRN,PSNR,TRUE,31.73,,,,31.73,31.73,31.88,31.88,5,0,0,0,1,2,2,0,5,0,0,0,1,2,2,0
Computer Vision,Denoising,Image Denoising,Urban100 sigma70,Residual Dense Network +,PSNR,TRUE,24.63,,,,24.63,24.63,27.74,27.74,4,0,0,0,2,0,2,0,4,0,0,0,2,0,2,0
Computer Vision,Denoising,Image Denoising,BSD68 sigma70,Residual Dense Network +,PSNR,TRUE,26.56,,,,26.56,26.56,26.88,26.88,3,0,0,0,1,0,2,0,3,0,0,0,1,0,2,0
Computer Vision,Denoising,Image Denoising,BSD68 sigma30,Residual Dense Network +,PSNR,TRUE,30.4,,,,30.4,30.4,30.7,30.7,2,0,0,0,1,0,1,0,2,0,0,0,1,0,1,0
Computer Vision,Denoising,Image Denoising,Urban100 sigma30,Residual Dense Network +,PSNR,TRUE,30.19,,,,,,31.78,31.78,2,0,0,0,0,0,2,0,2,0,0,0,0,0,2,0
Computer Vision,Denoising,Image Denoising,BSD68 sigma10,Residual Dense Network +,PSNR,TRUE,36.31,,,,36.31,36.31,36.49,36.49,2,0,0,0,1,0,1,0,2,0,0,0,1,0,1,0
Computer Vision,Denoising,Image Denoising,BSD200 sigma50,RED30,PSNR,TRUE,25.75,,,,25.75,25.75,25.75,25.75,1,0,0,0,1,0,0,0,1,0,0,0,1,0,0,0
Computer Vision,Denoising,Image Denoising,BSD200 sigma30,RED30,PSNR,TRUE,27.95,,,,27.95,27.95,27.95,27.95,1,0,0,0,1,0,0,0,1,0,0,0,1,0,0,0
Computer Vision,Denoising,Image Denoising,BSD200 sigma70,RED30,PSNR,TRUE,24.37,,,,24.37,24.37,24.37,24.37,1,0,0,0,1,0,0,0,1,0,0,0,1,0,0,0
Computer Vision,Denoising,Image Denoising,BSD200 sigma10,RED30,PSNR,TRUE,33.63,,,,33.63,33.63,33.63,33.63,1,0,0,0,1,0,0,0,1,0,0,0,1,0,0,0
Computer Vision,Image Reconstruction,Image Reconstruction,Edge-to-Shoes,PI-REC,FID,FALSE,0.015,,,,,,,0.015,1,0,0,0,0,0,0,1,1,0,0,0,0,0,0,1
Computer Vision,Image Reconstruction,Image Reconstruction,Edge-to-Handbags,PI-REC,FID,FALSE,0.069,,,,,,,0.069,1,0,0,0,0,0,0,1,1,0,0,0,0,0,0,1
Computer Vision,Facial Recognition and Modelling,Face Detection,WIDER Face (Hard),DSFD,AP,TRUE,0.29,,0.29,0.4,0.823,0.876,0.9,0.9,14,0,1,1,4,3,5,0,8,0,0,1,3,1,3,0
Computer Vision,Facial Recognition and Modelling,Face Detection,WIDER Face (Easy),DSFD,AP,TRUE,0.695,,0.695,0.716,0.919,0.943,0.96,0.96,12,0,1,1,3,3,4,0,6,0,0,1,2,1,2,0
Computer Vision,Facial Recognition and Modelling,Face Detection,WIDER Face (Medium),DSFD,AP,TRUE,0.588,,0.588,0.636,0.908,0.931,0.953,0.953,12,0,1,1,3,3,4,0,6,0,0,1,2,1,2,0
Computer Vision,Facial Recognition and Modelling,Face Detection,Annotated Faces in the Wild,SRN,AP,TRUE,0.9721,,0.9721,0.9721,0.994,0.9985,0.9987,0.9987,9,0,1,0,3,3,2,0,6,0,0,0,2,3,1,0
Computer Vision,Facial Recognition and Modelling,Face Detection,FDDB,DSFD,AP,TRUE,0.864,,0.864,0.864,0.901,0.99,0.991,0.991,9,0,1,0,1,3,4,0,6,0,0,0,1,2,3,0
Computer Vision,Facial Recognition and Modelling,Face Detection,PASCAL Face,SRN,AP,TRUE,0.9029,,0.9029,0.9029,0.962,0.9849,0.9909,0.9909,7,0,1,0,2,2,2,0,4,0,0,0,1,2,1,0
Computer Vision,Object Localization,Object Localization,KITTI Cyclists Easy,Frustum PointNets,AP,TRUE,66.70%,,,,,75.38%,75.38%,75.38%,2,0,0,0,0,2,0,0,2,0,0,0,0,2,0,0
Computer Vision,Object Localization,Object Localization,KITTI Pedestrians Easy,Frustum PointNets,AP,TRUE,46.13%,,,,,58.09%,58.09%,58.09%,2,0,0,0,0,2,0,0,2,0,0,0,0,2,0,0
Computer Vision,Object Localization,Object Localization,KITTI Cars Moderate,Frustum PointNets,AP,TRUE,79.26%,,,,,84.00%,84.00%,84.00%,2,0,0,0,0,2,0,0,2,0,0,0,0,2,0,0
Computer Vision,Object Localization,Object Localization,KITTI Cyclists Hard,Frustum PointNets,AP,TRUE,50.55%,,,,,54.68%,54.68%,54.68%,2,0,0,0,0,2,0,0,2,0,0,0,0,2,0,0
Computer Vision,Object Localization,Object Localization,KITTI Cyclists Moderate,Frustum PointNets,AP,TRUE,54.76%,,,,,61.96%,61.96%,61.96%,2,0,0,0,0,2,0,0,2,0,0,0,0,2,0,0
Computer Vision,Object Localization,Object Localization,KITTI Cars Hard,VoxelNet,AP,TRUE,77.39%,,,,,77.39%,77.39%,77.39%,2,0,0,0,0,2,0,0,2,0,0,0,0,2,0,0
Computer Vision,Object Localization,Object Localization,KITTI Cars Easy,VoxelNet,AP,TRUE,89.35%,,,,,89.35%,89.35%,89.35%,2,0,0,0,0,2,0,0,2,0,0,0,0,2,0,0
Computer Vision,Object Localization,Object Localization,KITTI Pedestrians Hard,Frustum PointNets,AP,TRUE,38.11%,,,,,47.20%,47.20%,47.20%,2,0,0,0,0,2,0,0,2,0,0,0,0,2,0,0
Computer Vision,Object Localization,Object Localization,KITTI Pedestrians Moderate,Frustum PointNets,AP,TRUE,40.74%,,,,,50.22%,50.22%,50.22%,2,0,0,0,0,2,0,0,2,0,0,0,0,2,0,0
Computer Vision,3D,3D Reconstruction,Scan2CAD,Scan2CAD,Average Accuracy,TRUE,10.29%,,,,10.29%,10.29%,31.68%,31.68%,2,0,0,0,1,0,1,0,2,0,0,0,1,0,1,0
Computer Vision,Facial Recognition and Modelling,Face Verification,Labeled Faces in the Wild,"ArcFace + MS1MV2 + R100, ",Accuracy,TRUE,98.52%,,99.47%,99.63%,99.63%,99.63%,99.83%,99.83%,12,0,3,2,1,1,5,0,8,0,0,2,1,1,4,0
Computer Vision,Facial Recognition and Modelling,Face Verification,IJB-A,Dual-Agent GANs,TAR @ FAR=0.01,TRUE,73.30%,,,83.80%,94.10%,97.60%,97.60%,97.60%,12,0,0,2,6,3,1,0,3,0,0,0,1,1,1,0
Computer Vision,Facial Recognition and Modelling,Face Verification,YouTube Faces DB,"SeqFace, 1 ResNet-64",Accuracy,TRUE,93.20%,,93.20%,95.54%,95.54%,96.17%,98.12,98.12,10,0,1,2,1,2,4,0,8,0,0,2,1,2,3,0
Computer Vision,Facial Recognition and Modelling,Face Verification,MegaFace,ArcFace + MS1MV2 + R100 + R,Accuracy,TRUE,86.47%,,,86.47%,86.47%,89.14%,98.48%,98.48%,5,0,0,2,0,1,2,0,4,0,0,2,0,1,1,0
Computer Vision,Facial Recognition and Modelling,Face Verification,IJB-C,AIM,TAR @ FAR=0.01,TRUE,66.50%,,,66.50%,66.50%,66.50%,93.50%,93.50%,3,0,0,1,0,0,2,0,2,0,0,1,0,0,1,0
Computer Vision,Facial Recognition and Modelling,Face Verification,IJB-B,FPN,TAR @ FAR=0.01,TRUE,96.50%,,,,,96.50%,96.50%,96.50%,1,0,0,0,0,1,0,0,1,0,0,0,0,1,0,0
Computer Vision,Image Generation,Conditional Image Generation,CIFAR-10,Splitting GAN,Inception score,TRUE,6.58,,,6.58,8.59,8.87,8.87,8.87,7,0,0,1,4,2,0,0,6,0,0,1,4,1,0,0
Computer Vision,Image Generation,Conditional Image Generation,ImageNet 128x128,BigGAN-deep,Inception score,TRUE,28.5,,,,28.5,28.5,166.5,166.5,4,0,0,0,1,0,3,0,4,0,0,0,1,0,3,0
Computer Vision,Scene Text Detection,Scene Text Detection,IC15,FOTS,F-Measure,TRUE,75.61%,,,,,84.14%,87.99%,87.99%,10,0,0,0,0,6,4,0,5,0,0,0,0,4,1,0
Computer Vision,Scene Text Detection,Scene Text Detection,IC17-MLT,PSENet-1s,F-Measure,TRUE,67.25%,,,,,,72.45%,72.45%,3,0,0,0,0,0,3,0,1,0,0,0,0,0,1,0
Computer Vision,Pose Estimation,3D Human Pose Estimation,Human3.6M,Fully supervised EpipolarPose,Average 3D Error,FALSE,88.39,,,,,64.9,59.9,51.8,5,0,0,0,0,3,1,1,5,0,0,0,0,3,1,1
Computer Vision,Pose Estimation,3D Human Pose Estimation,CHALL H80K,ResNet,MPJPE,FALSE,55.3,,,,,,55.3,55.3,1,0,0,0,0,0,1,0,1,0,0,0,0,0,1,0
Computer Vision,Facial Recognition and Modelling,Face Alignment,AFLW2000-3D,2DASL,Mean NME ,FALSE,4.94%,,,4.94%,4.94%,4.49%,3.62%,3.53%,5,0,0,1,0,2,1,1,2,0,0,0,0,0,1,1
Computer Vision,Facial Recognition and Modelling,Face Alignment,300W,DAN-Menpo + bounding box diagonal normalization,Mean Error Rate,FALSE,1.42,,,,,1.42,1.42,1.42,3,0,0,0,0,1,2,0,2,0,0,0,0,1,1,0
Computer Vision,Facial Recognition and Modelling,Face Alignment,AFLW2000,Nonlinear 3D Face Morphable Model,Error rate,FALSE,4.7,,,,,,4.7,4.7,2,0,0,0,0,0,2,0,2,0,0,0,0,0,2,0
Computer Vision,Facial Recognition and Modelling,Face Alignment,AFLW-LFPA,FPN,Mean NME ,FALSE,3.86%,,,,,3.86%,2.93%,2.93%,2,0,0,0,0,1,1,0,1,0,0,0,0,0,1,0
Computer Vision,Object Detection,3D Object Detection,KITTI Cars Moderate,PointRCNN,AP,TRUE,65.11%,,,,,71.88%,75.42%,75.42%,8,0,0,0,0,3,5,0,6,0,0,0,0,3,3,0
Computer Vision,Object Detection,3D Object Detection,KITTI Cars Hard,PointRCNN,AP,TRUE,57.73%,,,,,66.38%,67.86%,67.86%,7,0,0,0,0,3,4,0,5,0,0,0,0,3,2,0
Computer Vision,Object Detection,3D Object Detection,KITTI Cars Easy,PC-CNN-V2,AP,TRUE,77.47%,,,,,81.94%,84.33%,84.33%,7,0,0,0,0,3,4,0,5,0,0,0,0,3,2,0
Computer Vision,Object Detection,3D Object Detection,KITTI Pedestrians Moderate,Frustum PointNets,AP,TRUE,33.69%,,,,,44.89%,44.89%,44.89%,5,0,0,0,0,3,2,0,4,0,0,0,0,3,1,0
Computer Vision,Object Detection,3D Object Detection,KITTI Cyclists Moderate,PointPillars,AP,TRUE,48.36%,,,,,56.77%,59.07%,59.07%,5,0,0,0,0,3,2,0,4,0,0,0,0,3,1,0
Computer Vision,Object Detection,3D Object Detection,KITTI Cyclists Easy,Frustum PointNets,AP,TRUE,61.22%,,,,,71.96%,71.96%,71.96%,4,0,0,0,0,3,1,0,3,0,0,0,0,3,0,0
Computer Vision,Object Detection,3D Object Detection,KITTI Pedestrians Hard,IPOD,AP,TRUE,31.51%,,,,,40.88%,42.39%,42.39%,4,0,0,0,0,3,1,0,3,0,0,0,0,3,0,0
Computer Vision,Object Detection,3D Object Detection,KITTI Pedestrians Easy,IPOD,AP,TRUE,39.48%,,,,,51.21%,56.92%,56.92%,4,0,0,0,0,3,1,0,3,0,0,0,0,3,0,0
Computer Vision,Object Detection,3D Object Detection,KITTI Cyclists Hard,Frustum PointNets,AP,TRUE,44.37%,,,,,50.39%,50.39%,50.39%,4,0,0,0,0,3,1,0,3,0,0,0,0,3,0,0
Computer Vision,Object Detection,3D Object Detection,SUN-RGBD,Frustum PointNets,MAP,TRUE,54.00%,,,,,54.00%,54.00%,54.00%,1,0,0,0,0,1,0,0,1,0,0,0,0,1,0,0
Computer Vision,Object Detection,3D Object Detection,NYU Depth v2,SGPN-CNN,MAP,TRUE,41.3,,,,,41.3,41.3,41.3,1,0,0,0,0,1,0,0,1,0,0,0,0,1,0,0
Computer Vision,Semantic Segmentation,Real-Time Semantic Segmentation,Cityscapes,PSPNet,mIoU,TRUE,63.10%,,63.10%,67.10%,81.20%,81.20%,81.20%,81.20%,12,0,1,3,4,1,2,1,12,0,1,3,4,1,2,1
Computer Vision,Semantic Segmentation,Real-Time Semantic Segmentation,CamVid,PSPNet,mIoU,TRUE,61.60%,,61.60%,65.30%,69.10%,69.10%,69.10%,69.10%,6,0,1,2,1,1,1,0,6,0,1,2,1,1,1,0
Computer Vision,Image-to-Image Translation,Unsupervised Image-To-Image Translation,SVNH-to-MNIST,CyCADA pixel+feat,Classification Accuracy,TRUE,73.60%,,73.60%,73.60%,84.40%,90.40%,90.40%,90.40%,4,0,1,0,1,2,0,0,4,0,1,0,1,2,0,0
Computer Vision,Autonomous Vehicles,Pedestrian Detection,Caltech,CSP + CityPersons dataset,Reasonable Miss Rate,FALSE,20.9,,20.9,9.68,7.3,4,4,3.8,16,0,2,4,3,3,3,1,5,0,0,0,1,1,2,1
Computer Vision,Autonomous Vehicles,Pedestrian Detection,CityPersons,CSP (with offset) + ResNet-50,Reasonable MR^-2,FALSE,14.8,,,,,13.2,12,11,6,0,0,0,0,2,3,1,2,0,0,0,0,0,1,1
Computer Vision,Object Detection,Real-Time Object Detection,PASCAL VOC 2007,YOLO,FPS,TRUE,7,,,46,46,46,46,46,4,0,0,2,1,1,0,0,4,0,0,2,1,1,0,0
Computer Vision,Object Detection,Real-Time Object Detection,COCO,YOLOv3-tiny,FPS,TRUE,40,,,,40,40,220,220,2,0,0,0,1,0,1,0,2,0,0,0,1,0,1,0
Computer Vision,Facial Recognition and Modelling,Facial Expression Recognition, Static Facial Expressions in the Wild,Covariance Pooling,Accuracy,TRUE,58.14%,,,,,,58.14%,58.14%,1,0,0,0,0,0,1,0,1,0,0,0,0,0,1,0
Computer Vision,Facial Recognition and Modelling,Facial Expression Recognition,Real-World Affective Faces,Covariance Pooling,Accuracy,TRUE,87.00%,,,,,,87.00%,87.00%,1,0,0,0,0,0,1,0,1,0,0,0,0,0,1,0
Computer Vision,Facial Recognition and Modelling,Facial Expression Recognition,Cohn-Kanade,Sequential forward selection,Accuracy,TRUE,88.70%,,,,,88.70%,88.70%,88.70%,1,0,0,0,0,1,0,0,1,0,0,0,0,1,0,0
Computer Vision,Facial Recognition and Modelling,Facial Expression Recognition,MMI,DeXpression,Accuracy,TRUE,98.63%,,,98.63%,98.63%,98.63%,98.63%,98.63%,1,0,0,1,0,0,0,0,1,0,0,1,0,0,0,0
Computer Vision,Pose Estimation,Multi-Person Pose Estimation,MPII Multi-Person,Regional Multi-Person Pose Estimation,AP,TRUE,59.40%,,,,82.10%,82.10%,82.10%,82.10%,7,0,0,0,6,1,0,0,7,0,0,0,6,1,0,0
Computer Vision,Pose Estimation,Multi-Person Pose Estimation,WAF,DeeperCut,AOP,TRUE,86.50%,,,86.50%,88.10%,88.10%,88.10%,88.10%,3,0,0,1,1,1,0,0,3,0,0,1,1,1,0,0
Computer Vision,Pose Estimation,Multi-Person Pose Estimation,COCO,HRNet-48,AP,TRUE,0.697,,,,,,0.697,0.77,2,0,0,0,0,0,1,1,2,0,0,0,0,0,1,1
Computer Vision,Edge Detection,Edge Detection,SBD,CASENet,Maximum F-measure,TRUE,71.40%,,,,,71.40%,71.40%,71.40%,1,0,0,0,0,1,0,0,1,0,0,0,0,1,0,0
Computer Vision,Edge Detection,Edge Detection,Cityscapes,CASENet,AP,TRUE,70.80%,,,,,70.80%,70.80%,70.80%,1,0,0,0,0,1,0,0,1,0,0,0,0,1,0,0
Computer Vision,Video,Video Generation,TrailerFaces,PG-SWGAN-3D,FID,FALSE,404.1,,,,,,,404.1,1,0,0,0,0,0,0,1,1,0,0,0,0,0,0,1
Computer Vision,Video,Visual Object Tracking,VOT2017/18,SiamMask,Expected Average Overlap (EAO),TRUE,0.263,,,,0.28,0.323,0.38,0.38,8,0,0,0,2,1,5,0,6,0,0,0,2,0,4,0
Computer Vision,Hand,Hand Pose Estimation,NYU Hands,V2V-PoseNet,Average 3D Error,FALSE,12.7,,,,,8.42,8.42,8.42,5,0,0,0,0,5,0,0,5,0,0,0,0,5,0,0
Computer Vision,Hand,Hand Pose Estimation,MSRA Hands,Dense Pixel-wise Estimation,Average 3D Error,FALSE,9.8,,,,,7.2,7.2,7.2,5,0,0,0,0,5,0,0,5,0,0,0,0,5,0,0
Computer Vision,Hand,Hand Pose Estimation,ICVL Hands,V2V-PoseNet,Average 3D Error,FALSE,7.5,,,,,6.28,6.28,6.28,5,0,0,0,0,5,0,0,5,0,0,0,0,5,0,0
Computer Vision,Hand,Hand Pose Estimation,HANDS 2017,V2V-PoseNet,Average 3D Error,FALSE,9.95,,,,,9.95,9.95,9.95,1,0,0,0,0,1,0,0,1,0,0,0,0,1,0,0
Computer Vision,Pose Estimation,Keypoint Detection,COCO,HRNet-48,Validation AP,TRUE,60.5,,,,60.5,69.2,72.2,76.3,7,0,0,0,1,2,2,2,7,0,0,0,1,2,2,2
Computer Vision,Pose Estimation,Keypoint Detection, Pascal3D+,ConvNet + deformable shape model,Mean PCK,TRUE,48.5,,68.8,68.8,68.8,82.5,82.5,82.5,4,0,2,0,0,1,1,0,1,0,0,0,0,0,1,0
Computer Vision,Facial Recognition and Modelling,Face Identification,MegaFace,ArcFace + MS1MV2 + R100 + R,Accuracy,TRUE,70.49%,,,73.75%,73.75%,75.77%,98.35%,98.35%,5,0,0,2,0,1,2,0,4,0,0,2,0,1,1,0
Computer Vision,Facial Recognition and Modelling,Face Identification,IJB-A,Deep Residual Equivariant Mapping,Accuracy,TRUE,91.40%,,,,,91.40%,94.60%,94.60%,2,0,0,0,0,1,1,0,2,0,0,0,0,1,1,0
Computer Vision,Facial Recognition and Modelling,Face Identification,IJB-B,FPN,Accuracy,TRUE,91.10%,,,,,91.10%,91.10%,91.10%,1,0,0,0,0,1,0,0,1,0,0,0,0,1,0,0
Computer Vision,Object Reconstruction,3D Object Reconstruction,Data3D‚àíR2N2,MVD,Avg F1,TRUE,39.01,,,,48.58,48.58,66.39,66.39,5,0,0,0,2,1,2,0,4,0,0,0,1,1,2,0
Computer Vision,Image Classification,Few-Shot Image Classification,Mini-ImageNet - 5-Shot Learning,MetaOptNet-SVM,Accuracy,TRUE,55.30%,,,,55.30%,68.20%,75.50%,78.63%,9,0,0,0,1,2,4,2,9,0,0,0,1,2,4,2
Computer Vision,Image Classification,Few-Shot Image Classification,Mini-ImageNet - 1-Shot Learning,MetaOptNet-SVM,Accuracy,TRUE,43.60%,,,,43.60%,49.42%,61.20%,62.64%,9,0,0,0,1,2,5,1,8,0,0,0,1,2,4,1
Computer Vision,Image Classification,Few-Shot Image Classification,OMNIGLOT - 1-Shot Learning,Prototypical-Nets,Accuracy,TRUE,98.10%,,,,98.10%,98.80%,98.80%,98.80%,6,0,0,0,2,3,1,0,5,0,0,0,2,2,1,0
Computer Vision,Image Classification,Few-Shot Image Classification,OMNIGLOT - 5-Shot Learning,MAML,Accuracy,TRUE,99.50%,,,,99.50%,99.90%,99.90%,99.90%,6,0,0,0,2,3,1,0,5,0,0,0,2,2,1,0
Computer Vision,Image Classification,Few-Shot Image Classification,CUB-200 - 0-Shot Learning,Prototypical-Nets,Accuracy,TRUE,50.10%,,50.10%,50.10%,50.10%,54.60%,54.60%,54.60%,3,0,1,0,1,1,0,0,2,0,0,0,1,1,0,0
Computer Vision,Video,Video Super-Resolution,Vid4 - 4x upscaling,VSR-DUF,PSNR,TRUE,24.68,,24.68,24.68,25.35,25.88,27.31,27.31,10,0,1,1,2,1,4,1,9,0,1,0,2,1,4,1
Computer Vision,Video,Video Super-Resolution,Xiph HD - 4x upscaling,ESPCN,Average PSNR,TRUE,31.47,,31.47,31.47,31.67,31.67,31.67,31.67,2,0,1,0,1,0,0,0,2,0,1,0,1,0,0,0
Computer Vision,Video,Video Super-Resolution,Ultra Video Group HD - 4x upscaling,ESPCN,Average PSNR,TRUE,37.52,,37.52,37.52,37.91,37.91,37.91,37.91,2,0,1,0,1,0,0,0,2,0,1,0,1,0,0,0
Computer Vision,Video,Action Recognition In Videos,Charades,LFB NL,MAP,TRUE,24.1,,,,,25.2,42.5,42.5,4,0,0,0,0,2,2,0,1,0,0,0,0,1,0,0
Computer Vision,Object Detection,Weakly Supervised Object Detection,PASCAL VOC 2007,pipeline method,MAP,TRUE,39.3,,,39.3,42.8,47,51.2,51.2,9,0,0,1,2,4,2,0,4,0,0,1,1,1,1,0
Computer Vision,Object Detection,Weakly Supervised Object Detection,PASCAL VOC 2012,PCL-OB-G-Ens + FRCNN,MAP,TRUE,35.3,,,,37.9,42.5,44.2,44.2,6,0,0,0,2,3,1,0,3,0,0,0,1,1,1,0
Computer Vision,Object Detection,Weakly Supervised Object Detection,ImageNet,PCL-OB-G-Ens + FRCNN,MAP,TRUE,16.3,,,,16.3,16.3,19.6,19.6,4,0,0,0,1,2,1,0,2,0,0,0,0,1,1,0
Computer Vision,Object Detection,Weakly Supervised Object Detection,COCO,MSLPD,MAP,TRUE,43.5,,,43.5,47.9,56.6,56.6,56.6,4,0,0,1,1,2,0,0,1,0,0,0,0,1,0,0
Computer Vision,Crowds,Crowd Counting,UCF CC 50,Cascaded-MTL,MAE,FALSE,322.8,,,,,322.8,322.8,322.8,1,0,0,0,0,1,0,0,1,0,0,0,0,1,0,0
Computer Vision,Crowds,Crowd Counting,ShanghaiTech A,Cascaded-MTL,MAE,FALSE,101.3,,,,,101.3,101.3,101.3,1,0,0,0,0,1,0,0,1,0,0,0,0,1,0,0
Computer Vision,Crowds,Crowd Counting,ShanghaiTech B,Cascaded-MTL,MAE,FALSE,20,,,,,20,20,20,1,0,0,0,0,1,0,0,1,0,0,0,0,1,0,0
Computer Vision,Facial Recognition and Modelling,3D Face Reconstruction,Florence,PRN,Mean NME ,FALSE,6.38%,,,6.38%,6.38%,5.27%,3.76%,3.76%,7,0,0,1,1,2,2,1,4,0,0,0,1,0,2,1
Computer Vision,Facial Recognition and Modelling,3D Face Reconstruction,AFLW2000-3D,PRN,Mean NME ,FALSE,5.37%,,,5.37%,5.37%,5.37%,3.96%,3.96%,3,0,0,1,0,1,1,0,1,0,0,0,0,0,1,0
Computer Vision,Semantic Segmentation,Scene Segmentation,SUN-RGBD,DeepLab-LargeFOV,Mean IoU,TRUE,32.08,,32.08,32.08,32.08,32.08,32.08,32.08,3,0,1,1,1,0,0,0,3,0,1,1,1,0,0,0
Computer Vision,Semantic Segmentation,Scene Segmentation,ScanNet,3DMV,Average Accuracy,TRUE,60.20%,,,,60.20%,60.20%,75.00%,75.00%,2,0,0,0,1,0,1,0,2,0,0,0,1,0,1,0
Computer Vision,Facial Recognition and Modelling,Face Generation,CelebA,COCO-GAN,FID,FALSE,7.3,,,,,7.3,7.3,5.74,2,0,0,0,0,1,0,1,2,0,0,0,0,1,0,1
Computer Vision,Pose Estimation,6D Pose Estimation,LineMOD,PoseCNN + DeepIM,Accuracy,TRUE,83.90%,,,,,90.37%,97.50%,97.50%,5,0,0,0,0,3,2,0,4,0,0,0,0,2,2,0
Computer Vision,Pose Estimation,6D Pose Estimation,OccludedLINEMOD,PoseCNN + ICP,Accuracy,TRUE,76.70%,,,,76.70%,78.00%,78.00%,78.00%,3,0,0,0,1,2,0,0,1,0,0,0,0,1,0,0
Computer Vision,Pose Estimation,6D Pose Estimation,YCB-Video,DenseFusion,Mean AUC,TRUE,93.00%,,,,,93.00%,93.00%,93.10%,3,0,0,0,0,2,0,1,2,0,0,0,0,1,0,1
Computer Vision,Pose Estimation,6D Pose Estimation,OCCLUSION,Single-shot deep CNN,MAP,TRUE,0.48,,,,,0.48,0.48,0.48,2,0,0,0,0,2,0,0,1,0,0,0,0,1,0,0
Computer Vision,Pose Estimation,6D Pose Estimation,T-LESS,RetinaNet+Augmented Autoencoders+ICP,Accuracy,TRUE,57.14,,,,,,,57.14,1,0,0,0,0,0,0,1,1,0,0,0,0,0,0,1
Computer Vision,Gaze Estimation,Gaze Estimation,MPII Gaze,RT-GENE 4 model ensemble,Angular Error,FALSE,4.3,,,,,,4.3,4.3,1,0,0,0,0,0,1,0,1,0,0,0,0,0,1,0
Computer Vision,Gaze Estimation,Gaze Estimation,RT-GENE,RT-GENE 4 model ensemble,Angular Error,FALSE,7.7,,,,,,7.7,7.7,1,0,0,0,0,0,1,0,1,0,0,0,0,0,1,0
Computer Vision,Gaze Estimation,Gaze Estimation,UT Multi-view,RT-GENE 4 model ensemble,Angular Error,FALSE,5.1,,,,,,5.1,5.1,1,0,0,0,0,0,1,0,1,0,0,0,0,0,1,0
Computer Vision,Image Classification,Semi-Supervised Image Classification,"CIFAR-10, 4000 Labels",SWSA,Accuracy,TRUE,79.6,,,79.6,87.84,93.72,95,95,6,0,0,1,2,2,1,0,6,0,0,1,2,2,1,0
Computer Vision,Image Classification,Semi-Supervised Image Classification,"SVHN, 1000 labels",VAT+EntMin,Accuracy,TRUE,91.89,,,,95.58,96.14,96.14,96.14,4,0,0,0,2,2,0,0,4,0,0,0,2,2,0,0
Computer Vision,Image Classification,Semi-Supervised Image Classification,STL-10,IIC,Accuracy,TRUE,88.8,,,,,,,88.8,1,0,0,0,0,0,0,1,1,0,0,0,0,0,0,1
Computer Vision,Emotion Recognition,Multimodal Emotion Recognition,IEMOCAP,CHFusion,F1,TRUE,55.30%,,,,,,55.30%,55.30%,1,0,0,0,0,0,1,0,1,0,0,0,0,0,1,0
Computer Vision,Emotion Recognition,Multimodal Emotion Recognition,Monologue,bc-LSTM,Accuracy,TRUE,74.10%,,,,,74.10%,74.10%,74.10%,1,0,0,0,0,1,0,0,1,0,0,0,0,1,0,0
Computer Vision,Facial Recognition and Modelling,Facial Landmark Detection,300W,SAN GT,NME,FALSE,6.3,,,,,6.3,3.98,3.98,3,0,0,0,0,2,1,0,2,0,0,0,0,1,1,0
Computer Vision,Facial Recognition and Modelling,Facial Landmark Detection,AFLW-Full,SAN,Mean NME ,FALSE,1.91,,,,,,1.91,1.91,1,0,0,0,0,0,1,0,1,0,0,0,0,0,1,0
Computer Vision,Facial Recognition and Modelling,Facial Landmark Detection,AFLW-Front,SAN,Mean NME ,FALSE,1.85,,,,,,1.85,1.85,1,0,0,0,0,0,1,0,1,0,0,0,0,0,1,0
Computer Vision,Image-to-Image Translation,Synthetic-to-Real Translation,GTAV-to-Cityscapes Labels,Domain adaptation + ResNet-101,mIoU,TRUE,27.1,,,,27.1,39.5,43.2,43.2,7,0,0,0,1,3,3,0,6,0,0,0,1,2,3,0
Computer Vision,Object Localization,Weakly-Supervised Object Localization, CUB-200-2011,SPG,Top-1 Error Rate,FALSE,53.36,,,,,,53.36,53.36,1,0,0,0,0,0,1,0,1,0,0,0,0,0,1,0
Computer Vision,Object Localization,Weakly-Supervised Object Localization,ILSVRC 2015,SPG,Top-1 Error Rate,FALSE,51.4,,,,,,51.4,51.4,1,0,0,0,0,0,1,0,1,0,0,0,0,0,1,0
Computer Vision,Object Localization,Weakly-Supervised Object Localization,ILSVRC 2016,SPG,Top-5 Error,FALSE,40,,,,,,40,40,1,0,0,0,0,0,1,0,1,0,0,0,0,0,1,0
Computer Vision,Image Classification,Fine-Grained Image Classification, CUB-200-2011,Inception-V3,Accuracy,TRUE,76.40%,,76.40%,85.10%,85.10%,88.70%,89.6,89.6,10,0,1,2,0,3,2,2,5,0,0,0,0,2,2,1
Computer Vision,Image Classification,Fine-Grained Image Classification,Stanford Cars,WS-DAN,Accuracy,TRUE,92.86%,,,,,93.30%,93.30%,94.50%,4,0,0,0,0,2,1,1,3,0,0,0,0,2,1,0
Computer Vision,Image Classification,Fine-Grained Image Classification,FGVC Aircraft,WS-DAN,Accuracy,TRUE,91.40%,,,,,91.40%,91.40%,93.00%,3,0,0,0,0,1,1,1,2,0,0,0,0,1,1,0
Computer Vision,Image Classification,Fine-Grained Image Classification,CompCars,A3M,Accuracy,TRUE,91.20%,,,91.20%,91.20%,91.20%,91.20%,95.40%,2,0,0,1,0,0,0,1,2,0,0,1,0,0,0,1
Computer Vision,Image Classification,Fine-Grained Image Classification,Stanford Dogs,WS-DAN,Accuracy,TRUE,83.75%,,,,,83.75%,83.75%,92.1,2,0,0,0,0,1,0,1,1,0,0,0,0,1,0,0
Computer Vision,Image Classification,Fine-Grained Image Classification,Oxford 102 Flowers,PC Bilinear CNN,Accuracy,TRUE,93.65%,,,,,93.65%,93.65%,93.65%,2,0,0,0,0,1,1,0,2,0,0,0,0,1,1,0
Computer Vision,Image Classification,Fine-Grained Image Classification,Caltech-101,AutoAugment,Top-1 Error Rate,FALSE,13.07%,,,,,,13.07%,13.07%,1,0,0,0,0,0,1,0,1,0,0,0,0,0,1,0
Computer Vision,Image Classification,Fine-Grained Image Classification,Oxford-IIIT Pets,AutoAugment,Top-1 Error Rate,FALSE,11.02%,,,,,,11.02%,11.02%,1,0,0,0,0,0,1,0,1,0,0,0,0,0,1,0
Computer Vision,Image Classification,Fine-Grained Image Classification,NABirds,PC-DenseNet-161,Accuracy,TRUE,82.79%,,,,,82.79%,82.79%,82.79%,1,0,0,0,0,1,0,0,1,0,0,0,0,1,0,0
Computer Vision,Hyperspectral,Hyperspectral Image Classification,Indian Pines,BASSNet,Overall Accuracy,TRUE,96.77%,,,,96.77%,96.77%,96.77%,96.77%,3,0,0,0,1,1,1,0,3,0,0,0,1,1,1,0
Computer Vision,Hyperspectral,Hyperspectral Image Classification,Pavia University,St-SS-pGRU,Overall Accuracy,TRUE,97.48%,,,,97.48%,97.48%,98.44%,98.44%,3,0,0,0,1,1,1,0,3,0,0,0,1,1,1,0
Computer Vision,Autonomous Vehicles,Lane Detection,TuSimple,Spatial CNN,Accuracy,TRUE,96.40%,,,,,96.53%,96.53%,96.53%,4,0,0,0,0,2,2,0,4,0,0,0,0,2,2,0
Computer Vision,Autonomous Vehicles,Lane Detection,Caltech Lanes Washington,VPGNet,F1,TRUE,0.861,,,0.861,0.861,0.869,0.869,0.869,2,0,0,1,0,1,0,0,1,0,0,0,0,1,0,0
Computer Vision,Autonomous Vehicles,Lane Detection,Caltech Lanes Cordova,VPGNet,F1,TRUE,0.866,,,0.866,0.866,0.884,0.884,0.884,2,0,0,1,0,1,0,0,1,0,0,0,0,1,0,0
Computer Vision,Image Generation,Text-to-Image Generation,COCO,AttnGAN,Inception score,TRUE,8.45,,,,,25.89,25.89,25.89,3,0,0,0,0,2,0,1,3,0,0,0,0,2,0,1
Computer Vision,Image Generation,Text-to-Image Generation,CUB,AttnGAN,Inception score,TRUE,3.62,,,,3.62,4.36,4.36,4.36,3,0,0,0,1,2,0,0,2,0,0,0,0,2,0,0
Computer Vision,Image Generation,Text-to-Image Generation,Oxford 102 Flowers,StackGAN-v2,FID,FALSE,48.68,,,,,48.68,48.68,48.68,1,0,0,0,0,1,0,0,1,0,0,0,0,1,0,0
Computer Vision,Image Generation,Text-to-Image Generation,MS-COCO,AttnGAN+OP,Inception score,TRUE,24.76,,,24.76,24.76,24.76,24.76,24.76,1,0,0,1,0,0,0,0,1,0,0,1,0,0,0,0
Computer Vision,Autonomous Vehicles,Traffic Sign Recognition,Tsinghua-Tencent 100K,Background Threshold Model,MAP,TRUE,0.32,,,,,,0.32,0.32,1,0,0,0,0,0,1,0,1,0,0,0,0,0,1,0
Computer Vision,Autonomous Vehicles,Traffic Sign Recognition,Bosch Small Traffic Lights,Hierarchical + Background Threshold Model,MAP,TRUE,0.46,,,,,,0.46,0.46,1,0,0,0,0,0,1,0,1,0,0,0,0,0,1,0
Computer Vision,Autonomous Vehicles,Traffic Sign Recognition,GTSRB,MCDNN,Accuracy,TRUE,99.50%,99.50%,99.50%,99.50%,99.50%,99.50%,99.50%,99.50%,2,0,0,0,0,0,1,0,2,0,0,0,0,0,1,0
Computer Vision,Trajectory Prediction,Trajectory Prediction,GPS,Support Vector Machines,Accuracy,TRUE,88%,88%,88%,88%,88%,88%,88%,88%,1,0,0,0,0,0,0,0,0,0,0,0,0,0,0,0
Computer Vision,Object Detection,Object Proposal Generation,"PASCAL VOC 2012, 60 proposals per image",Recurrent Pixel Embedding,Average Recall,TRUE,0.667,,,,,0.814,0.814,0.814,2,0,0,0,0,2,0,0,2,0,0,0,0,2,0,0
Computer Vision,Object Recognition,3D Object Recognition,ModelNet40,MVCNN-MultiRes,Accuracy,TRUE,93.80%,,,,93.80%,93.80%,93.80%,93.80%,3,0,0,0,2,1,0,0,3,0,0,0,2,1,0,0
Computer Vision,Human Part Segmentation,Human Part Segmentation,CIHP,Parsing R-CNN + ResNext101,Mean IoU,TRUE,55.8,,,,,,61.1,61.1,2,0,0,0,0,0,2,0,2,0,0,0,0,0,2,0
Computer Vision,Human Part Segmentation,Human Part Segmentation,MHP v2.0,Parsing R-CNN + ResNext101,Mean IoU,TRUE,41.8,,,,,,41.8,41.8,1,0,0,0,0,0,1,0,1,0,0,0,0,0,1,0
Computer Vision,Image Classification,Sequential Image Classification,Sequential MNIST,BN LSTM,Permuted Accuracy,TRUE,82%,,,88%,95.40%,95.40%,95.40%,95.40%,5,0,0,2,2,1,0,0,5,0,0,2,2,1,0,0
Computer Vision,Human Parsing,Multi-Human Parsing,MHP v1.0,NAN,AP 0.5,TRUE,52.68%,,,,,52.68%,57.09%,57.09%,4,0,0,0,0,3,1,0,4,0,0,0,0,3,1,0
Computer Vision,Human Parsing,Multi-Human Parsing,MHP v2.0,NAN,AP 0.5,TRUE,14.90%,,,,,17.99%,25.14%,25.14%,3,0,0,0,0,2,1,0,3,0,0,0,0,2,1,0
Computer Vision,Human Parsing,Multi-Human Parsing,PASCAL-Person-Part,NAN,AP 0.5,TRUE,38.80%,,,38.80%,38.80%,40.60%,59.70%,59.70%,3,0,0,1,0,1,1,0,2,0,0,1,0,0,1,0
Computer Vision,Pose Estimation,Head Pose Estimation,BIWI,Multi-Loss ResNet50,MAE,FALSE,19.068,,,19.068,19.068,4.895,4.895,4.895,4,0,0,1,0,3,0,0,2,0,0,0,0,2,0,0
Computer Vision,Pose Estimation,Head Pose Estimation,AFLW2000,Multi-Loss ResNet50,MAE,FALSE,7.393,,,7.393,7.393,6.155,6.155,6.155,3,0,0,1,0,2,0,0,2,0,0,0,0,2,0,0
Computer Vision,3D,3D Object Classification,ModelNet40,3D-PointCapsNet,Classification Accuracy,TRUE,89.30%,,,,,,89.30%,89.30%,1,0,0,0,0,0,1,0,1,0,0,0,0,0,1,0
Computer Vision,Image-to-Image Translation,Multimodal Unsupervised Image-To-Image Translation,Edge-to-Shoes,MUNIT,Diversity,TRUE,0.011,,,,,0.104,0.109,0.109,4,0,0,0,0,3,1,0,4,0,0,0,0,3,1,0
Computer Vision,Image-to-Image Translation,Multimodal Unsupervised Image-To-Image Translation,Edge-to-Handbags,MUNIT,Diversity,TRUE,0.023,,,,,0.14,0.175,0.175,4,0,0,0,0,3,1,0,4,0,0,0,0,3,1,0
Computer Vision,Image-to-Image Translation,Multimodal Unsupervised Image-To-Image Translation,Cats-and-Dogs,MUNIT,CIS,TRUE,0.115,,,,,0.115,1.039,1.039,3,0,0,0,0,2,1,0,3,0,0,0,0,2,1,0
Computer Vision,Facial Recognition and Modelling,Age Estimation,MORPH Album2,CORAL,MAE,TRUE,2.42¬±0.01,,,,2.42¬±0.01,2.42¬±0.01,2.42¬±0.01,2.59,2,0,0,0,1,0,0,1,2,0,0,0,1,0,0,1
Computer Vision,Facial Recognition and Modelling,Age Estimation,FGNET,CMAAE-OR,MAE,FALSE,3.62,,,,,,3.62,3.62,1,0,0,0,0,0,1,0,1,0,0,0,0,0,1,0
Computer Vision,Facial Recognition and Modelling,Age Estimation,MORPH,CMAAE-OR,MAE,FALSE,1.48,,,,,,1.48,1.48,1,0,0,0,0,0,1,0,1,0,0,0,0,0,1,0
Computer Vision,Facial Recognition and Modelling,Age Estimation,AFAD,CORAL,MAE,TRUE,3.48,,,,,,,3.48,1,0,0,0,0,0,0,1,1,0,0,0,0,0,0,1
Computer Vision,Facial Recognition and Modelling,Age Estimation,CACD,CORAL,MAE,TRUE,5.35,,,,,,,5.35,1,0,0,0,0,0,0,1,1,0,0,0,0,0,0,1
Computer Vision,Facial Recognition and Modelling,Age Estimation,ChaLearn 2015,DLDL+VGG-Face,MAE,FALSE,3.51,,,,3.51,3.51,3.51,3.51,1,0,0,0,1,0,0,0,1,0,0,0,1,0,0,0
Computer Vision,Facial Recognition and Modelling,Age Estimation,UTKFace,CORAL,MAE,TRUE,5.39,,,,,,,5.39,1,0,0,0,0,0,0,1,1,0,0,0,0,0,0,1
Computer Vision,Object Detection,Medical Object Detection,Barrett‚Äôs Esophagus,Attention-based model,Mean Accuracy,TRUE,74%,,,,,74%,81%,81%,2,0,0,0,0,1,1,0,2,0,0,0,0,1,1,0
Computer Vision,Line segment detection,Line segment detection,wireframe dataset,atrous Residual U-Net,F1 score,TRUE,0.773,,,,,,,0.773,1,0,0,0,0,0,0,1,1,0,0,0,0,0,0,1
Computer Vision,Scene Text Detection,Curved Text Detection,SCUT-CTW1500,PSENet-1s,F-Measure,TRUE,40.80%,,,,,73.40%,81.17%,81.17%,5,0,0,0,0,3,2,0,4,0,0,0,0,3,1,0
Computer Vision,Dense Pixel Correspondence Estimation,Dense Pixel Correspondence Estimation,HPatches,DGC-Net aff+tps+homo,Viewpoint I AEPE,FALSE,5.84,,,5.84,5.84,4.43,1.55,1.55,5,0,0,1,2,1,1,0,4,0,0,0,2,1,1,0
Computer Vision,3D Reconstruction,3D Room Layouts From A Single Rgb Panorama,PanoContext,HorizonNet,3DIoU,TRUE,74.48%,,,,,,77.42%,82.17%,4,0,0,0,0,0,2,2,3,0,0,0,0,0,1,2
Computer Vision,3D Reconstruction,3D Room Layouts From A Single Rgb Panorama,Stanford 2D-3D,HorizonNet,3DIoU,TRUE,76.33%,,,,,,79.36%,79.79%,3,0,0,0,0,0,2,1,2,0,0,0,0,0,1,1
Computer Vision,3D Reconstruction,3D Room Layouts From A Single Rgb Panorama,Realtor360,DuLa-Net,3DIoU,TRUE,62.77%,,,,,,77.20%,77.20%,2,0,0,0,0,0,2,0,1,0,0,0,0,0,1,0
Computer Vision,Facial Recognition and Modelling,Facial Inpainting,VggFace2,SymmFCNet (Full),PSNR,TRUE,27.81,,,,,,27.81,27.81,1,0,0,0,0,0,1,0,1,0,0,0,0,0,1,0
Computer Vision,Facial Recognition and Modelling,Facial Inpainting,WebFace,SymmFCNet (Full),PSNR,TRUE,27.22,,,,,,27.22,27.22,1,0,0,0,0,0,1,0,1,0,0,0,0,0,1,0
Computer Vision,Object Detection,Video Object Detection,ImageNet VID,FGFA + Seq-NMS,MAP,TRUE,80.10%,,,,,80.10%,80.10%,80.10%,1,0,0,0,0,1,0,0,1,0,0,0,0,1,0,0
Computer Vision,Face Detection,Occluded Face Detection,MAFA,FAN,MAP,TRUE,77.30%,,,,,88.30%,88.30%,88.30%,2,0,0,0,0,2,0,0,2,0,0,0,0,2,0,0
Computer Vision,Facial Recognition and Modelling,Face Anti-Spoofing,MSU-MFSD,GFA-CNN,Equal Error Rate,FALSE,10.80%,,,10.80%,10.80%,10.80%,10.80%,7.50%,2,0,0,1,0,0,0,1,1,0,0,0,0,0,0,1
Computer Vision,Sketch,Face Sketch Synthesis,CUHK,Residual net + Pseudo Sketch Feature Loss + LSGAN,FSIM,TRUE,73.61%,,,,,73.61%,74.23%,74.23%,2,0,0,0,0,1,1,0,2,0,0,0,0,1,1,0
Computer Vision,Sketch,Face Sketch Synthesis,CUFS,Residual net + Pseudo Sketch Feature Loss + LSGAN,FSIM,TRUE,72.56%,,,,,,72.56%,72.56%,1,0,0,0,0,0,1,0,1,0,0,0,0,0,1,0
Computer Vision,Sketch,Face Sketch Synthesis,CUFSF,Residual net + Pseudo Sketch Feature Loss + LSGAN,FSIM,TRUE,71.59%,,,,,,71.59%,71.59%,1,0,0,0,0,0,1,0,1,0,0,0,0,0,1,0
Computer Vision,Facial Recognition and Modelling,Facial Action Unit Detection,BP4D,Multi-View,Average Accuracy,TRUE,56.10%,,,,,81.80%,81.80%,81.80%,2,0,0,0,0,2,0,0,1,0,0,0,0,1,0,0
Computer Vision,Facial Recognition and Modelling,Facial Beauty Prediction,SCUT-FBP,CNN features + Bayesian ridge regression,MAE,FALSE,0.3931,,,,,,0.2595,0.2595,2,0,0,0,0,0,2,0,2,0,0,0,0,0,2,0
Computer Vision,Facial Recognition and Modelling,Facial Beauty Prediction,ECCV HotOrNot,CNN features + Bayesian ridge regression,Pearson Correlation,TRUE,0.468,,,,,,0.468,0.468,1,0,0,0,0,0,1,0,1,0,0,0,0,0,1,0
Computer Vision,Facial Recognition and Modelling,Age-Invariant Face Recognition,CACDVS,AIM + CAFR,Accuracy,TRUE,97.95%,,,97.95%,97.95%,99.13%,99.76%,99.76%,4,0,0,1,0,1,2,0,2,0,0,1,0,0,1,0
Computer Vision,Facial Recognition and Modelling,Age-Invariant Face Recognition,MORPH Album2,AIM + CAFR,Rank-1 Recognition Rate,TRUE,99.65%,,,,,,99.65%,99.65%,2,0,0,0,0,0,2,0,1,0,0,0,0,0,1,0
Computer Vision,Facial Recognition and Modelling,Age-Invariant Face Recognition,CAFR,AIM,Accuracy,TRUE,73.56%,,,73.56%,73.56%,73.56%,84.81%,84.81%,2,0,0,1,0,0,1,0,2,0,0,1,0,0,1,0
Computer Vision,Facial Recognition and Modelling,Age-Invariant Face Recognition,FG-NET,AIM,Accuracy,TRUE,93.20%,,,,,,93.20%,93.20%,1,0,0,0,0,0,1,0,1,0,0,0,0,0,1,0
Computer Vision,Autonomous Vehicles,Pedestrian Attribute Recognition,PA-100K,HP-net,Accuracy,TRUE,72.19%,,,,,72.19%,72.19%,72.19%,1,0,0,0,0,1,0,0,1,0,0,0,0,1,0,0
Computer Vision,Autonomous Vehicles,Pedestrian Attribute Recognition,PETA,HP-net,Accuracy,TRUE,76.13%,,,,,76.13%,76.13%,76.13%,1,0,0,0,0,1,0,0,1,0,0,0,0,1,0,0
Computer Vision,Autonomous Vehicles,Pedestrian Attribute Recognition,RAP,HP-net,Accuracy,TRUE,65.39%,,,,,65.39%,65.39%,65.39%,1,0,0,0,0,1,0,0,1,0,0,0,0,1,0,0
Computer Vision,Object Detection,Object Skeleton Detection,SK-LARGE,DeepFlux,F-Measure,TRUE,0.724,,,,,,0.732,0.732,2,0,0,0,0,0,2,0,1,0,0,0,0,0,1,0
Computer Vision,Face Verification,Disguised Face Verification,Disguised Faces in the Wild,DisguiseNet,GAR @0.1% FAR,TRUE,23.25,,,,,,23.25,23.25,2,0,0,0,0,0,2,0,1,0,0,0,0,0,1,0
Computer Vision,Object Recognition,Depiction Invariant Object Recognition,Photo-Art-50,SwiDeN,Overall Accuracy,TRUE,93.02%,,,,93.02%,93.02%,93.02%,93.02%,1,0,0,0,1,0,0,0,1,0,0,0,1,0,0,0
Computer Vision,Birds Eye View Object Detection,Birds Eye View Object Detection,KITTI Cars Moderate,PointPillars,AP,TRUE,86.10%,,,,,,86.10%,86.10%,1,0,0,0,0,0,1,0,1,0,0,0,0,0,1,0
Computer Vision,Birds Eye View Object Detection,Birds Eye View Object Detection,KITTI Cyclists Moderate,PointPillars,AP,TRUE,62.25%,,,,,,62.25%,62.25%,1,0,0,0,0,0,1,0,1,0,0,0,0,0,1,0
Computer Vision,Birds Eye View Object Detection,Birds Eye View Object Detection,KITTI Pedestrians Moderate,PointPillars,AP,TRUE,50.23%,,,,,,50.23%,50.23%,1,0,0,0,0,0,1,0,1,0,0,0,0,0,1,0
Computer Vision,Safety Perception Recognition,Safety Perception Recognition,Google Street Images,CNN,Accuracy,TRUE,81%,,,,,,,81%,1,0,0,0,0,0,0,1,1,0,0,0,0,0,0,1
Computer Vision,Image Classification,Unsupervised image classification,STL-10,IIC,Accuracy,TRUE,61.00%,,,,,,,61.00%,1,0,0,0,0,0,0,1,1,0,0,0,0,0,0,1
Computer Vision,Image Classification,Unsupervised image classification,CIFAR-10,IIC,Accuracy,TRUE,61.7,,,,,,,61.7,1,0,0,0,0,0,0,1,1,0,0,0,0,0,0,1
Computer Vision,Image Classification,Unsupervised image classification,CIFAR-20,IIC,Accuracy,TRUE,25.7,,,,,,,25.7,1,0,0,0,0,0,0,1,1,0,0,0,0,0,0,1
Computer Vision,Image Classification,Unsupervised image classification,MNIST,IIC,Accuracy,TRUE,99.3,,,,,,,99.3,1,0,0,0,0,0,0,1,1,0,0,0,0,0,0,1
Computer Vision,Semantic Segmentation,Unsupervised semantic segmentation,COCO-Stuff-15,IIC,Accuracy,TRUE,27.7,,,,,,,27.7,1,0,0,0,0,0,0,1,1,0,0,0,0,0,0,1
Computer Vision,Semantic Segmentation,Unsupervised semantic segmentation,COCO-Stuff-3,IIC,Accuracy,TRUE,72.3,,,,,,,72.3,1,0,0,0,0,0,0,1,1,0,0,0,0,0,0,1
Computer Vision,Semantic Segmentation,Unsupervised semantic segmentation,Potsdam,IIC,Accuracy,TRUE,65.1,,,,,,,65.1,1,0,0,0,0,0,0,1,1,0,0,0,0,0,0,1
Computer Vision,Semantic Segmentation,Unsupervised semantic segmentation,Potsdam-3,IIC,Accuracy,TRUE,45.4,,,,,,,45.4,1,0,0,0,0,0,0,1,1,0,0,0,0,0,0,1
Computer Vision,Instance Segmentation,Human Instance Segmentation,OCHuman,Pose2Seg (plus ground-truth keypoints),AP,TRUE,0.552,,,,,,0.552,0.552,1,0,0,0,0,0,1,0,1,0,0,0,0,0,1,0
Computer Vision,Image Recognition,License Plate Recognition,Chinese License Plates,LPRNet basic,Accuracy,TRUE,95.00%,,,,,,95.00%,95.00%,1,0,0,0,0,0,1,0,1,0,0,0,0,0,1,0
Computer Vision,Novel View Synthesis,Novel View Synthesis,KITTI Novel View Synthesis,Multi-view to Novel View,SSIM,TRUE,0.626,,,,,,0.626,0.626,1,0,0,0,0,0,1,0,1,0,0,0,0,0,1,0
Computer Vision,Novel View Synthesis,Novel View Synthesis,ShapeNet Car,Multi-view to Novel View,SSIM,TRUE,0.923,,,,,,0.923,0.923,1,0,0,0,0,0,1,0,1,0,0,0,0,0,1,0
Computer Vision,Novel View Synthesis,Novel View Synthesis,ShapeNet Chair,Multi-view to Novel View,SSIM,TRUE,0.895,,,,,,0.895,0.895,1,0,0,0,0,0,1,0,1,0,0,0,0,0,1,0
Computer Vision,Novel View Synthesis,Novel View Synthesis,Synthia Novel View Synthesis,Multi-view to Novel View,SSIM,TRUE,0.697,,,,,,0.697,0.697,1,0,0,0,0,0,1,0,1,0,0,0,0,0,1,0
Computer Vision,Object Detection,One-Shot Object Detection,COCO,Siamese Mask R-CNN,AP 0.5,TRUE,16.3,,,,,,16.3,16.3,1,0,0,0,0,0,1,0,1,0,0,0,0,0,1,0
Computer Vision,Instance Segmentation,One-Shot Instance Segmentation,COCO,Siamese Mask R-CNN,AP 0.5,FALSE,14.5,,,,,,14.5,14.5,1,0,0,0,0,0,1,0,1,0,0,0,0,0,1,0
Computer Vision,3D,3D Part Segmentation,ShapeNet-Part,3D-PointCapsNet,Accuracy,TRUE,86,,,,,,86,86,1,0,0,0,0,0,1,0,1,0,0,0,0,0,1,0
Computer Vision,Instance Segmentation,Real-time Instance Segmentation,MSCOCO,YOLACT,MAP,TRUE,29.8,,,,,,,29.8,1,0,0,0,0,0,0,1,1,0,0,0,0,0,0,1
Computer Vision,Facial Recognition and Modelling,Smile Recognition,DISFA,Deep CNN,Accuracy,TRUE,99.45%,,,,99.45%,99.45%,99.45%,99.45%,1,0,0,0,1,0,0,0,0,0,0,0,0,0,0,0
Computer Vision,Image Classification,Document Image Classification,RVL-CDIP,Transfer Learning from VGG16 trained on Imagenet,Accuracy,TRUE,89.80%,,,89.80%,89.80%,90.97%,92.21%,92.21%,4,0,0,1,0,2,1,0,0,0,0,0,0,0,0,0
